{"initial_reset_timestamp": 15187178.259155564, "timestamps": [15187178.59188788, 15187178.928558543, 15187179.31621624, 15187179.712863276, 15187180.11344914, 15187199.476443067, 15187199.863583112, 15187200.190415192, 15187200.533685768, 15187200.975787196, 15187216.471487988, 15187216.870280117, 15187217.254578495, 15187217.625883875, 15187217.998355476, 15187236.937094389, 15187237.31313418, 15187237.705971504, 15187237.997912396, 15187238.213408936, 15187255.578539908, 15187256.003374651, 15187256.381471902, 15187256.552170236, 15187256.918972949, 15187257.28619636, 15187275.86148013, 15187276.184016023, 15187276.5716006, 15187276.952296082, 15187277.314324211, 15187294.908278912, 15187295.280457716, 15187295.694968116, 15187296.075454054, 15187296.181902807, 15187296.545603704, 15187315.060115756, 15187315.469190512, 15187315.831094412, 15187316.197738556, 15187316.571996512, 15187332.941934546, 15187333.37041632, 15187333.735462165, 15187334.129900036, 15187334.487476572, 15187352.918116845, 15187353.229562165, 15187353.578820348, 15187353.960481452, 15187354.307605933, 15187368.764903208, 15187369.13939118, 15187369.55907767, 15187369.95425382, 15187370.385807514, 15187388.21713404, 15187388.5420628, 15187388.943611072, 15187389.124673128, 15187389.368361903, 15187389.70288814, 15187407.515200531, 15187407.908394888, 15187408.252595028, 15187408.590600189, 15187409.031280383, 15187427.453987524, 15187427.823989188, 15187428.135812916, 15187428.533271564, 15187428.849717593, 15187447.67587972, 15187448.07534212, 15187448.484610632, 15187448.858074453, 15187449.234443014], "episode_lengths": [200, 200, 200, 200, 200, 200, 200, 200, 200, 200, 200, 200, 200, 200, 200, 200, 200, 200, 200, 63, 200, 200, 200, 92, 200, 200, 200, 193, 200, 200, 200, 200, 200, 200, 200, 52, 200, 200, 200, 200, 200, 200, 191, 200, 200, 200, 200, 200, 158, 200, 200, 200, 200, 200, 200, 200, 200, 200, 200, 200, 74, 138, 200, 200, 200, 200, 200, 200, 200, 200, 200, 200, 200, 116, 200, 200, 200, 200], "episode_rewards": [-785.0, -731.0, -830.0, -911.0, -875.0, -713.0, -740.0, -704.0, -875.0, -677.0, -767.0, -776.0, -857.0, -722.0, -767.0, -731.0, -686.0, -695.0, -641.0, -186.0, -740.0, -731.0, -632.0, -215.0, -677.0, -497.0, -605.0, -424.0, -650.0, -821.0, -569.0, -722.0, -704.0, -596.0, -605.0, -103.0, -596.0, -389.0, -695.0, -686.0, -497.0, -659.0, -539.0, -704.0, -560.0, -605.0, -533.0, -452.0, -389.0, -569.0, -731.0, -533.0, -488.0, -578.0, -524.0, -515.0, -506.0, -542.0, -560.0, -290.0, -152.0, -387.0, -641.0, -317.0, -668.0, -479.0, -443.0, -479.0, -425.0, -425.0, -578.0, -317.0, -236.0, -158.0, -335.0, -569.0, -668.0, -371.0], "episode_types": ["t", "t", "t", "t", "t", "t", "t", "t", "t", "t", "t", "t", "t", "t", "t", "t", "t", "t", "t", "t", "t", "t", "t", "t", "t", "t", "t", "t", "t", "t", "t", "t", "t", "t", "t", "t", "t", "t", "t", "t", "t", "t", "t", "t", "t", "t", "t", "t", "t", "t", "t", "t", "t", "t", "t", "t", "t", "t", "t", "t", "t", "t", "t", "t", "t", "t", "t", "t", "t", "t", "t", "t", "t", "t", "t", "t", "t", "t", "t"]}