{"initial_reset_timestamp": 15187178.259423424, "timestamps": [15187178.37010402, 15187178.693738643, 15187179.089809747, 15187179.487684453, 15187179.88644292, 15187199.269130286, 15187199.61366004, 15187199.993607655, 15187200.365840716, 15187200.753795313, 15187216.246477611, 15187216.649673153, 15187217.024993643, 15187217.401774067, 15187217.770131312, 15187236.707343891, 15187237.077098398, 15187237.39267878, 15187237.751753638, 15187238.114419306, 15187255.493365876, 15187255.906886328, 15187256.296223748, 15187256.693761356, 15187257.076707182, 15187257.226879546, 15187275.782642577, 15187276.128952172, 15187276.505363647, 15187276.850110913, 15187277.2359542, 15187294.82945378, 15187295.190762924, 15187295.580411661, 15187295.981688043, 15187296.377664171, 15187314.931782532, 15187315.323391523, 15187315.6624482, 15187315.955200784, 15187316.36832643, 15187332.744124789, 15187333.12680336, 15187333.493201109, 15187333.901452472, 15187334.247588532, 15187352.671762628, 15187352.844055196, 15187353.099953832, 15187353.379726615, 15187353.761835892, 15187354.116918715, 15187368.540307632, 15187368.642770236, 15187369.029689044, 15187369.448172104, 15187369.616734123, 15187370.080792747, 15187370.419890868, 15187388.259696664, 15187388.365077682, 15187388.763009394, 15187389.110663654, 15187389.50973346, 15187389.658094887, 15187389.745124644, 15187407.584671332, 15187407.9379025, 15187408.286817985, 15187408.625826761, 15187409.026544146, 15187427.509930527, 15187427.850221228, 15187428.27366482, 15187428.608247962, 15187428.942873172, 15187447.693976885, 15187448.037824586, 15187448.469152568, 15187448.81475861, 15187449.212729037], "episode_lengths": [47, 200, 200, 200, 200, 200, 200, 200, 200, 200, 200, 200, 200, 200, 200, 200, 200, 168, 200, 200, 200, 200, 200, 200, 200, 88, 200, 200, 200, 200, 200, 200, 200, 200, 200, 200, 200, 200, 200, 152, 200, 200, 200, 200, 200, 200, 200, 105, 116, 146, 200, 200, 200, 52, 200, 200, 105, 200, 200, 200, 49, 200, 200, 200, 109, 60, 200, 200, 200, 200, 200, 200, 200, 200, 189, 200, 79, 200, 200, 200, 200], "episode_rewards": [-161.0, -668.0, -731.0, -749.0, -740.0, -875.0, -911.0, -704.0, -731.0, -830.0, -812.0, -677.0, -794.0, -758.0, -659.0, -722.0, -686.0, -426.0, -695.0, -839.0, -893.0, -839.0, -560.0, -587.0, -524.0, -247.0, -866.0, -659.0, -794.0, -695.0, -434.0, -551.0, -659.0, -623.0, -731.0, -659.0, -875.0, -506.0, -758.0, -464.0, -524.0, -641.0, -587.0, -623.0, -506.0, -596.0, -605.0, -318.0, -140.0, -332.0, -749.0, -515.0, -506.0, -40.0, -515.0, -776.0, -192.0, -524.0, -749.0, -470.0, -55.0, -515.0, -623.0, -560.0, -178.0, -111.0, -434.0, -749.0, -506.0, -506.0, -479.0, -272.0, -407.0, -317.0, -420.0, -290.0, -103.0, -362.0, -281.0, -479.0, -407.0], "episode_types": ["t", "t", "t", "t", "t", "t", "t", "t", "t", "t", "t", "t", "t", "t", "t", "t", "t", "t", "t", "t", "t", "t", "t", "t", "t", "t", "t", "t", "t", "t", "t", "t", "t", "t", "t", "t", "t", "t", "t", "t", "t", "t", "t", "t", "t", "t", "t", "t", "t", "t", "t", "t", "t", "t", "t", "t", "t", "t", "t", "t", "t", "t", "t", "t", "t", "t", "t", "t", "t", "t", "t", "t", "t", "t", "t", "t", "t", "t", "t", "t", "t", "t"]}