{"initial_reset_timestamp": 15187178.259777969, "timestamps": [15187178.594162593, 15187178.933284223, 15187179.324688865, 15187179.7190973, 15187180.112721464, 15187199.477134068, 15187199.884463398, 15187200.244107991, 15187200.552953988, 15187200.969410088, 15187216.497411843, 15187216.911194159, 15187217.282665525, 15187217.651231604, 15187217.991266832, 15187236.919674912, 15187237.291982524, 15187237.63620736, 15187238.009042943, 15187238.409461023, 15187255.728782592, 15187256.161097897, 15187256.568529053, 15187256.933617206, 15187257.290477132, 15187275.884257287, 15187276.23418118, 15187276.600985112, 15187276.971197063, 15187277.319249492, 15187294.900857057, 15187295.27093972, 15187295.675324984, 15187296.047061786, 15187296.471161976, 15187315.025066204, 15187315.41585341, 15187315.807714056, 15187315.970995432, 15187316.361076375, 15187332.73049791, 15187333.1190401, 15187333.510588944, 15187333.699775694, 15187334.07969017, 15187334.338536752, 15187352.741020037, 15187353.134365778, 15187353.505402604, 15187353.886272533, 15187354.25869382, 15187368.57737466, 15187368.978414483, 15187369.221069695, 15187369.621717855, 15187369.989597963, 15187370.176061774, 15187388.002716308, 15187388.356483942, 15187388.73393194, 15187389.092958506, 15187389.27493362, 15187389.687632795, 15187407.472215516, 15187407.86407653, 15187408.227822194, 15187408.54514011, 15187408.9513621, 15187427.409354975, 15187427.463627055, 15187427.686664192, 15187427.768791713, 15187428.142339397, 15187428.466730865, 15187428.838610375, 15187447.733702583, 15187448.180349039, 15187448.539100418, 15187448.911041403, 15187449.316829016], "episode_lengths": [200, 200, 200, 200, 200, 200, 200, 200, 200, 200, 200, 200, 200, 200, 200, 169, 200, 200, 200, 200, 200, 200, 200, 200, 200, 200, 200, 200, 200, 200, 200, 200, 200, 200, 200, 200, 200, 200, 81, 200, 200, 200, 200, 120, 200, 131, 200, 200, 200, 200, 200, 140, 200, 154, 200, 200, 19, 200, 200, 200, 200, 118, 200, 200, 200, 200, 200, 200, 200, 24, 116, 44, 200, 200, 200, 200, 200, 200, 200, 200], "episode_rewards": [-713.0, -740.0, -722.0, -758.0, -713.0, -677.0, -749.0, -740.0, -866.0, -821.0, -848.0, -740.0, -875.0, -677.0, -722.0, -616.0, -740.0, -866.0, -749.0, -620.0, -614.0, -533.0, -695.0, -767.0, -704.0, -947.0, -686.0, -551.0, -623.0, -947.0, -659.0, -605.0, -830.0, -668.0, -578.0, -641.0, -632.0, -641.0, -150.0, -650.0, -776.0, -587.0, -596.0, -396.0, -542.0, -299.0, -668.0, -515.0, -461.0, -731.0, -524.0, -236.0, -380.0, -412.0, -677.0, -560.0, -7.0, -686.0, -542.0, -542.0, -587.0, -268.0, -398.0, -533.0, -371.0, -587.0, -380.0, -506.0, -389.0, -21.0, -194.0, -32.0, -398.0, -317.0, -461.0, -434.0, -326.0, -371.0, -254.0, -299.0], "episode_types": ["t", "t", "t", "t", "t", "t", "t", "t", "t", "t", "t", "t", "t", "t", "t", "t", "t", "t", "t", "t", "t", "t", "t", "t", "t", "t", "t", "t", "t", "t", "t", "t", "t", "t", "t", "t", "t", "t", "t", "t", "t", "t", "t", "t", "t", "t", "t", "t", "t", "t", "t", "t", "t", "t", "t", "t", "t", "t", "t", "t", "t", "t", "t", "t", "t", "t", "t", "t", "t", "t", "t", "t", "t", "t", "t", "t", "t", "t", "t", "t", "t"]}