{"initial_reset_timestamp": 15187178.258281069, "timestamps": [15187178.58750167, 15187178.91827331, 15187179.313858269, 15187179.71441668, 15187180.116624497, 15187199.492492648, 15187199.84720058, 15187200.187590005, 15187200.557227677, 15187200.930449866, 15187216.44622322, 15187216.8478302, 15187217.232842395, 15187217.604425034, 15187217.977655023, 15187236.940591576, 15187237.265974492, 15187237.651852028, 15187238.020579137, 15187238.39262653, 15187255.763566824, 15187256.185035154, 15187256.55610409, 15187256.982895631, 15187257.365217445, 15187257.399400396, 15187275.931413723, 15187276.284598768, 15187276.641339315, 15187277.040247353, 15187277.388395296, 15187294.945248647, 15187295.327646663, 15187295.717453906, 15187296.138465405, 15187296.517260583, 15187315.110805983, 15187315.484405968, 15187315.821771933, 15187316.229727168, 15187316.573148748, 15187332.902643636, 15187333.249727853, 15187333.670341345, 15187334.015908305, 15187334.307909567, 15187334.465012847, 15187352.81190072, 15187353.205007844, 15187353.615788337, 15187353.776169155, 15187354.127204308, 15187368.55584029, 15187368.953304218, 15187369.08360198, 15187369.375525955, 15187369.76674007, 15187370.201325249, 15187388.032155449, 15187388.380760264, 15187388.762321068, 15187389.127917675, 15187389.533290705, 15187389.747310087, 15187407.527391292, 15187407.89069135, 15187408.228886656, 15187408.599419042, 15187408.97878256, 15187427.432709632, 15187427.775167132, 15187428.127014011, 15187428.538327836, 15187428.586082315, 15187428.658932343, 15187447.561108796, 15187447.9580347, 15187448.117520832, 15187448.500374729, 15187448.8411488, 15187449.24593645], "episode_lengths": [200, 200, 200, 200, 200, 186, 200, 200, 200, 200, 200, 200, 200, 200, 200, 200, 200, 200, 200, 200, 200, 200, 200, 200, 200, 11, 200, 200, 200, 200, 200, 200, 200, 200, 200, 200, 200, 200, 200, 200, 200, 147, 200, 200, 200, 135, 72, 200, 200, 200, 78, 200, 200, 200, 51, 147, 200, 200, 200, 200, 200, 200, 200, 121, 200, 200, 200, 200, 200, 200, 200, 200, 200, 22, 36, 200, 200, 79, 200, 200, 200], "episode_rewards": [-686.0, -605.0, -704.0, -749.0, -794.0, -678.0, -704.0, -767.0, -992.0, -776.0, -632.0, -740.0, -803.0, -695.0, -821.0, -731.0, -758.0, -740.0, -749.0, -857.0, -740.0, -722.0, -776.0, -524.0, -749.0, 1.0, -686.0, -749.0, -830.0, -686.0, -542.0, -830.0, -578.0, -695.0, -560.0, -920.0, -632.0, -605.0, -722.0, -632.0, -560.0, -432.0, -434.0, -470.0, -506.0, -366.0, -150.0, -569.0, -614.0, -362.0, -147.0, -641.0, -659.0, -812.0, -93.0, -207.0, -641.0, -605.0, -551.0, -677.0, -353.0, -578.0, -380.0, -280.0, -605.0, -452.0, -587.0, -623.0, -308.0, -281.0, -272.0, -479.0, -344.0, -10.0, -60.0, -380.0, -434.0, -184.0, -470.0, -407.0, -272.0], "episode_types": ["t", "t", "t", "t", "t", "t", "t", "t", "t", "t", "t", "t", "t", "t", "t", "t", "t", "t", "t", "t", "t", "t", "t", "t", "t", "t", "t", "t", "t", "t", "t", "t", "t", "t", "t", "t", "t", "t", "t", "t", "t", "t", "t", "t", "t", "t", "t", "t", "t", "t", "t", "t", "t", "t", "t", "t", "t", "t", "t", "t", "t", "t", "t", "t", "t", "t", "t", "t", "t", "t", "t", "t", "t", "t", "t", "t", "t", "t", "t", "t", "t", "t"]}